Temperature (Â°C),RPM,Fuel_Efficiency,Vibration_X,Vibration_Y,Vibration_Z,Torque,Power_Output (kW),Operational_Mode,Prediction,Dataset_Row_Index,Timestamp
85.0,2200,12.0,0.55,0.43,0.29,150.0,120.0,Idle,Failure,,2025-09-03 18:58:37.560208
85.0,2200,15.05,0.93,0.34,0.53,150.0,120.04,Heavy Load,Normal,,2025-09-03 19:03:14.761573
90.0,2500,22.0,0.3,0.81,0.61,120.0,58.0,Idle,Normal,,2025-09-03 20:54:19.004682
90.0,2500,22.0,0.3,0.81,0.61,120.0,58.0,Idle,Normal,,2025-09-03 20:54:19.577234
90.0,2500,22.0,0.41,0.95,0.37,120.0,58.0,Cruising,Failure,,2025-09-03 20:54:29.136641
90.0,2500,22.0,0.41,0.95,0.37,120.0,58.0,Cruising,Failure,,2025-09-03 20:54:29.144344
90.0,2500,22.0,0.29,0.82,0.95,120.0,58.0,Cruising,Failure,,2025-09-03 20:55:38.595329
90.0,2500,22.0,0.29,0.82,0.95,120.0,58.0,Cruising,Failure,,2025-09-03 20:55:38.601027
90.0,2500,23.0,0.93,0.29,1.18,89.08,58.21,Cruising,Normal,,2025-09-03 20:57:05.297173
90.0,2500,23.0,0.93,0.29,1.18,89.08,58.21,Cruising,Normal,,2025-09-03 20:57:05.304004
106.45,1465,14.32,0.58,0.38,0.68,257.85,155.72,Cruising,Normal,,2025-09-03 20:57:11.753668
95.93,2721,15.38,0.91,0.38,0.86,305.59,158.66,Cruising,Normal,,2025-09-03 20:57:14.996204
80.34,3148,6.59,0.97,0.89,1.25,314.61,285.38,Heavy Load,Normal,,2025-09-03 20:57:17.097715
71.47,1975,11.15,0.22,0.19,0.76,142.76,92.3,Cruising,Normal,,2025-09-03 20:57:19.198075
117.63,2120,15.73,0.6,0.99,0.76,246.37,277.48,Cruising,Normal,,2025-09-03 20:57:21.245019
101.6,3909,15.62,0.82,0.88,0.5,365.06,83.97,Heavy Load,Normal,,2025-09-03 20:57:23.273558
97.73,1904,19.58,0.25,0.55,1.35,389.96,297.26,Idle,Failure,,2025-09-03 20:57:25.306793
80.46,3536,12.59,0.54,0.22,1.42,112.04,72.27,Idle,Normal,,2025-09-03 20:57:27.335277
102.81,2163,14.06,0.66,0.35,0.57,130.26,254.7,Heavy Load,Failure,,2025-09-03 20:57:29.361637
85.81,1776,5.53,0.11,0.46,1.01,247.76,90.6,Idle,Normal,,2025-09-03 20:57:31.421082
105.36,2858,13.36,0.89,0.96,0.96,218.2,112.99,Cruising,Failure,,2025-09-03 20:57:33.968365
117.3,3077,9.23,0.58,0.27,0.54,125.83,213.01,Cruising,Normal,,2025-09-03 20:57:35.997564
90.89,2449,12.49,0.3,0.45,1.03,299.55,108.44,Idle,Normal,,2025-09-03 20:57:38.039395
93.66,899,6.34,0.57,0.73,0.74,274.74,213.43,Cruising,Failure,,2025-09-03 20:57:40.064377
92.98,1126,13.07,0.14,0.75,0.53,245.63,68.97,Heavy Load,Normal,,2025-09-03 20:57:42.099133
113.63,2486,14.42,0.84,0.12,1.22,100.43,141.63,Cruising,Normal,,2025-09-03 20:57:44.148332
87.09,1170,19.69,0.11,0.91,0.68,311.32,218.28,Cruising,Normal,,2025-09-03 20:57:46.243954
80.31,1957,15.38,0.86,0.21,1.23,155.32,223.55,Idle,Failure,,2025-09-03 20:57:48.296806
80.61,2970,17.69,0.66,0.1,1.48,223.2,185.92,Heavy Load,Failure,,2025-09-03 20:57:50.328913
150.0,2500,22.0,0.24,0.33,0.8,120.0,58.0,Idle,Normal,,2025-09-03 21:06:50.126824
150.0,2500,22.0,0.24,0.33,0.8,120.0,58.0,Idle,Normal,,2025-09-03 21:06:50.150773
150.0,2500,22.0,0.89,0.24,0.84,120.0,58.0,Heavy Load,Normal,,2025-09-03 21:06:54.024373
150.0,2500,22.0,0.89,0.24,0.84,120.0,58.0,Heavy Load,Normal,,2025-09-03 21:06:54.031048
150.0,3500,30.0,0.51,0.95,0.72,120.0,28.0,Heavy Load,Failure,,2025-09-03 21:07:10.094771
150.0,3500,30.0,0.51,0.95,0.72,120.0,28.0,Heavy Load,Failure,,2025-09-03 21:07:10.102212
104.02,1354,19.16,0.78,0.45,0.49,249.32,276.52,Idle,Normal,,2025-09-03 21:08:06.626017
102.44,1097,14.26,0.98,0.94,0.3,246.42,171.35,Cruising,Failure,,2025-09-03 21:08:08.668544
94.99,2130,12.86,0.38,0.56,0.37,181.75,288.42,Cruising,Normal,,2025-09-03 21:08:10.695487
116.34,1850,18.14,1.0,0.83,0.8,153.84,210.47,Heavy Load,Failure,,2025-09-03 21:08:12.721133
70.15,3852,11.27,0.83,0.6,1.08,399.57,86.82,Cruising,Normal,,2025-09-03 21:08:14.767838
91.29,3320,16.78,0.59,0.78,1.16,275.66,229.52,Cruising,Failure,,2025-09-03 21:08:16.817443
150.0,2500,22.0,0.84,0.51,0.51,120.0,78.0,Idle,Failure,,2025-09-03 21:11:59.039636
150.0,2500,22.0,0.84,0.51,0.51,120.0,78.0,Idle,Failure,,2025-09-03 21:11:59.060797
30.0,2500,22.0,0.59,0.84,1.07,120.0,78.0,Idle,Normal,,2025-09-03 21:12:10.420420
30.0,2500,22.0,0.59,0.84,1.07,120.0,78.0,Idle,Normal,,2025-09-03 21:12:10.430958
20.0,2500,22.0,0.24,0.39,1.32,120.0,78.0,Idle,Normal,,2025-09-03 21:12:18.266555
20.0,2500,22.0,0.24,0.39,1.32,120.0,78.0,Idle,Normal,,2025-09-03 21:12:18.274069
20.0,2500,22.0,0.41,0.38,0.95,120.0,28.0,Idle,Normal,,2025-09-03 21:12:25.617036
20.0,2500,22.0,0.41,0.38,0.95,120.0,28.0,Idle,Normal,,2025-09-03 21:12:25.622778
20.0,2500,22.0,0.86,0.63,0.69,120.0,98.0,Idle,Normal,,2025-09-03 21:12:32.245160
20.0,2500,22.0,0.86,0.63,0.69,120.0,98.0,Idle,Normal,,2025-09-03 21:12:32.249886
20.0,2500,22.0,0.86,0.26,0.35,120.0,100.0,Idle,Normal,,2025-09-03 21:12:43.602220
20.0,2500,22.0,0.86,0.26,0.35,120.0,100.0,Idle,Normal,,2025-09-03 21:12:43.625997
120.0,2900,22.0,0.86,0.66,0.34,200.0,100.0,Cruising,Failure,,2025-09-03 21:12:59.750649
120.0,2900,22.0,0.86,0.66,0.34,200.0,100.0,Cruising,Failure,,2025-09-03 21:12:59.758574
88.44,2554,10.69,0.93,0.34,0.84,157.18,150.93,Heavy Load,Failure,,2025-09-03 21:13:12.595783
99.07,3614,14.54,0.48,0.7,0.86,206.33,63.67,Idle,Normal,,2025-09-03 21:13:14.697487
72.49,1966,11.28,0.85,0.6,0.14,262.09,262.99,Idle,Normal,,2025-09-03 21:13:16.746272
73.06,3866,11.57,0.32,0.19,1.31,155.62,299.89,Idle,Failure,,2025-09-03 21:13:18.782815
104.87,1779,12.77,0.26,0.35,0.14,220.68,190.8,Heavy Load,Failure,,2025-09-03 21:13:21.835706
73.09,2491,11.81,0.82,0.64,1.25,131.48,265.61,Heavy Load,Normal,,2025-09-03 21:13:23.915893
95.44,2403,13.11,0.59,0.24,0.86,381.3,62.91,Heavy Load,Normal,,2025-09-03 21:13:25.983065
81.51,3863,17.53,0.18,0.65,1.42,144.07,68.87,Heavy Load,Normal,,2025-09-03 21:13:28.039239
114.44,871,5.93,0.43,0.78,1.26,224.96,237.82,Cruising,Failure,,2025-09-03 21:13:30.120163
101.92,3689,19.92,0.35,0.73,0.17,245.72,248.32,Idle,Normal,,2025-09-03 21:13:32.208743
90.06,946,9.0,0.27,0.13,1.15,220.98,272.24,Heavy Load,Failure,,2025-09-03 21:13:34.261236
77.63,1757,11.55,0.89,0.54,0.41,143.11,99.1,Cruising,Normal,,2025-09-03 21:13:36.827087
102.07,3128,6.64,0.79,0.77,0.57,224.8,233.52,Cruising,Normal,,2025-09-03 21:13:38.934093
95.88,1554,14.53,0.52,0.96,0.69,136.12,71.1,Cruising,Normal,,2025-09-03 21:13:40.977082
114.8,3270,19.28,0.68,0.32,1.28,337.67,81.12,Idle,Normal,,2025-09-03 21:13:43.043876
90.0,2500,22.0,0.81,0.63,0.83,120.0,58.0,Idle,Normal,,2025-09-03 21:15:58.587473
90.0,2500,22.0,0.81,0.63,0.83,120.0,58.0,Idle,Normal,,2025-09-03 21:15:58.619361
90.0,2500,22.0,0.41,0.65,0.96,120.0,58.0,Heavy Load,Normal,,2025-09-03 21:16:01.562627
90.0,2500,22.0,0.41,0.65,0.96,120.0,58.0,Heavy Load,Normal,,2025-09-03 21:16:01.568640
150.0,2500,22.0,0.57,0.61,0.22,120.0,58.0,Heavy Load,Normal,,2025-09-03 21:16:08.442417
150.0,2500,22.0,0.57,0.61,0.22,120.0,58.0,Heavy Load,Normal,,2025-09-03 21:16:08.449850
140.0,2500,22.0,0.78,0.59,0.85,120.0,98.0,Heavy Load,Failure,,2025-09-03 21:16:15.199569
140.0,2500,22.0,0.78,0.59,0.85,120.0,98.0,Heavy Load,Failure,,2025-09-03 21:16:15.204324
140.0,2500,22.0,0.53,0.71,1.43,120.0,28.0,Heavy Load,Normal,,2025-09-03 21:16:20.154686
140.0,2500,22.0,0.53,0.71,1.43,120.0,28.0,Heavy Load,Normal,,2025-09-03 21:16:20.160452
150.0,2500,22.0,0.53,0.7,1.11,120.0,28.0,Heavy Load,Normal,,2025-09-03 21:23:00.415926
150.0,2500,22.0,0.53,0.7,1.11,120.0,28.0,Heavy Load,Normal,,2025-09-03 21:23:00.420623
150.0,900,22.0,0.26,0.58,1.09,120.0,28.0,Heavy Load,Normal,,2025-09-03 21:23:06.510421
150.0,900,22.0,0.26,0.58,1.09,120.0,28.0,Heavy Load,Normal,,2025-09-03 21:23:06.515274
150.0,3900,22.0,0.53,0.48,1.04,120.0,28.0,Heavy Load,Normal,,2025-09-03 21:23:12.779295
150.0,3900,22.0,0.53,0.48,1.04,120.0,28.0,Heavy Load,Normal,,2025-09-03 21:23:12.784692
150.0,3900,4.0,0.82,0.59,0.24,120.0,28.0,Heavy Load,Normal,,2025-09-03 21:23:19.696295
150.0,3900,4.0,0.82,0.59,0.24,120.0,28.0,Heavy Load,Normal,,2025-09-03 21:23:19.702666
150.0,3900,4.0,0.78,0.69,0.77,120.0,98.0,Heavy Load,Normal,,2025-09-03 21:23:24.777015
150.0,3900,4.0,0.78,0.69,0.77,120.0,98.0,Heavy Load,Normal,,2025-09-03 21:23:24.783937
150.0,3900,4.0,0.68,0.56,0.22,120.0,98.0,Heavy Load,Normal,,2025-09-03 21:23:25.601507
150.0,3900,4.0,0.68,0.56,0.22,120.0,98.0,Heavy Load,Normal,,2025-09-03 21:23:25.607046
150.0,3900,4.0,0.26,0.62,1.04,120.0,28.0,Heavy Load,Normal,,2025-09-03 21:23:30.972148
150.0,3900,4.0,0.26,0.62,1.04,120.0,28.0,Heavy Load,Normal,,2025-09-03 21:23:30.977265
150.0,3900,4.0,0.28,0.39,1.02,120.0,28.0,Cruising,Normal,,2025-09-03 21:23:34.585876
150.0,3900,4.0,0.28,0.39,1.02,120.0,28.0,Cruising,Normal,,2025-09-03 21:23:34.591414
150.0,3900,4.0,0.97,0.92,1.29,120.0,28.0,Idle,Normal,,2025-09-03 21:23:37.107040
150.0,3900,4.0,0.97,0.92,1.29,120.0,28.0,Idle,Normal,,2025-09-03 21:23:37.128522
150.0,3900,4.0,0.27,0.44,0.46,120.0,28.0,Idle,Normal,,2025-09-03 21:23:38.359186
150.0,3900,4.0,0.27,0.44,0.46,120.0,28.0,Idle,Normal,,2025-09-03 21:23:38.364553
150.0,3900,4.0,0.37,0.32,1.47,200.0,28.0,Idle,Normal,,2025-09-03 21:23:42.594354
150.0,3900,4.0,0.37,0.32,1.47,200.0,28.0,Idle,Normal,,2025-09-03 21:23:42.601633
150.0,3900,4.0,0.57,0.69,0.44,60.0,28.0,Idle,Normal,,2025-09-03 21:23:47.436430
150.0,3900,4.0,0.57,0.69,0.44,60.0,28.0,Idle,Normal,,2025-09-03 21:23:47.488237
150.0,3900,4.0,0.83,0.93,0.53,200.0,28.0,Idle,Normal,,2025-09-03 21:23:52.840702
150.0,3900,4.0,0.83,0.93,0.53,200.0,28.0,Idle,Normal,,2025-09-03 21:23:52.847759
150.0,3900,30.0,0.54,0.4,0.8,200.0,28.0,Idle,Failure,,2025-09-03 21:24:01.435973
150.0,3900,30.0,0.54,0.4,0.8,200.0,28.0,Idle,Failure,,2025-09-03 21:24:01.440395
150.0,3900,30.0,0.26,0.63,1.06,200.0,28.0,Cruising,Failure,,2025-09-03 21:24:21.872163
150.0,3900,30.0,0.26,0.63,1.06,200.0,28.0,Cruising,Failure,,2025-09-03 21:24:21.886739
150.0,3900,30.0,0.26,0.76,1.09,200.0,28.0,Heavy Load,Failure,,2025-09-03 21:24:29.928116
150.0,3900,30.0,0.26,0.76,1.09,200.0,28.0,Heavy Load,Failure,,2025-09-03 21:24:29.934848
90.0,2500,22.0,0.69,0.73,1.15,120.0,58.0,Idle,Normal,,2025-09-03 21:31:07.756193
90.0,2500,22.0,0.69,0.73,1.15,120.0,58.0,Idle,Normal,,2025-09-03 21:31:07.768161
90.0,2500,22.0,0.85,0.74,0.84,120.0,58.0,Heavy Load,Normal,,2025-09-03 21:31:15.163403
90.0,2500,22.0,0.85,0.74,0.84,120.0,58.0,Heavy Load,Normal,,2025-09-03 21:31:15.178129
90.0,2500,22.0,0.85,0.59,1.22,120.0,58.0,Cruising,Normal,,2025-09-03 21:31:21.766682
90.0,2500,22.0,0.85,0.59,1.22,120.0,58.0,Cruising,Normal,,2025-09-03 21:31:21.858032
150.0,2500,22.0,0.86,0.72,0.5,120.0,58.0,Cruising,Normal,,2025-09-03 21:31:30.760552
150.0,2500,22.0,0.86,0.72,0.5,120.0,58.0,Cruising,Normal,,2025-09-03 21:31:30.768023
150.0,2500,22.0,0.56,0.92,0.31,60.0,98.0,Cruising,Failure,,2025-09-03 21:31:42.369682
150.0,2500,22.0,0.56,0.92,0.31,60.0,98.0,Cruising,Failure,,2025-09-03 21:31:42.376892
150.0,2500,22.0,0.83,0.21,0.41,60.0,98.0,Heavy Load,Failure,,2025-09-03 21:31:52.233103
150.0,2500,22.0,0.83,0.21,0.41,60.0,98.0,Heavy Load,Failure,,2025-09-03 21:31:52.250682
20.0,2500,22.0,0.26,0.49,1.02,60.0,98.0,Heavy Load,Normal,,2025-09-03 21:32:00.777806
20.0,2500,22.0,0.26,0.49,1.02,60.0,98.0,Heavy Load,Normal,,2025-09-03 21:32:00.787767
90.0,2500,22.0,0.73,0.54,0.7,60.0,98.0,Heavy Load,Failure,,2025-09-03 21:32:11.622890
90.0,2500,22.0,0.73,0.54,0.7,60.0,98.0,Heavy Load,Failure,,2025-09-03 21:32:11.629835
81.45,3347,16.47,0.95,0.25,0.3,116.69,215.42,Cruising,Normal,,2025-09-03 21:32:20.375022
97.42,1611,17.0,0.25,0.72,1.25,365.74,263.31,Idle,Failure,,2025-09-03 21:32:22.625584
72.61,1472,16.37,0.8,1.0,1.27,110.36,198.01,Heavy Load,Normal,,2025-09-03 21:32:25.079990
75.44,2036,16.66,0.61,0.98,0.2,383.86,190.18,Heavy Load,Normal,,2025-09-03 21:32:27.127491
117.09,1886,17.53,0.71,0.56,1.17,276.78,211.08,Idle,Normal,,2025-09-03 21:32:29.277838
84.3,1130,19.44,0.16,0.57,0.38,305.8,230.79,Idle,Normal,,2025-09-03 21:32:31.338195
77.79,3165,15.13,0.79,0.98,0.14,185.56,138.23,Idle,Normal,,2025-09-03 21:32:34.205598
74.04,3869,10.87,0.77,0.68,0.81,376.54,98.49,Heavy Load,Normal,,2025-09-03 21:32:36.298137
95.25,1789,17.93,0.73,0.32,0.63,124.09,51.18,Cruising,Normal,,2025-09-03 21:32:38.331570
107.61,3385,13.25,0.47,0.87,0.25,217.63,50.59,Heavy Load,Normal,,2025-09-03 21:32:40.384832
88.18,3785,19.6,0.61,0.27,0.32,326.29,88.45,Cruising,Normal,,2025-09-03 21:32:42.437728
114.98,1988,8.42,0.89,0.15,0.11,248.73,205.63,Cruising,Failure,,2025-09-03 21:32:44.495762
83.98,2340,12.12,0.91,0.56,0.13,122.03,79.12,Heavy Load,Normal,,2025-09-03 21:32:46.594829
97.17,2130,16.42,0.91,0.73,1.07,309.5,223.9,Cruising,Failure,,2025-09-03 21:32:49.437306
83.7,2673,14.36,0.58,0.43,1.4,152.94,102.86,Cruising,Normal,,2025-09-03 21:33:07.880680
73.45,2988,8.93,0.76,0.52,1.29,156.56,93.78,Cruising,Normal,,2025-09-03 21:33:09.937922
81.46,1421,17.25,0.27,0.21,0.6,386.64,249.88,Idle,Normal,,2025-09-03 21:33:12.014043
76.81,2554,5.2,0.94,0.66,1.22,347.12,113.91,Cruising,Normal,,2025-09-03 21:33:14.084313
97.74,3076,14.91,0.6,0.92,1.27,260.04,107.26,Heavy Load,Failure,,2025-09-03 21:33:16.194699
118.43,897,18.32,0.69,0.67,0.98,388.74,92.37,Heavy Load,Normal,,2025-09-03 21:33:19.407836
73.3,2784,8.52,0.93,0.86,1.1,130.48,192.21,Heavy Load,Failure,,2025-09-03 21:33:21.484363
81.41,3416,7.98,0.55,0.94,0.73,310.81,271.63,Idle,Normal,,2025-09-03 21:33:23.616443
90.0,2500,22.0,0.39,0.44,0.22,120.0,58.0,Idle,Normal,,2025-09-03 21:33:25.015421
90.0,2500,22.0,0.39,0.44,0.22,120.0,58.0,Idle,Normal,,2025-09-03 21:33:25.021137
50.0,3426,20.0,0.53,0.83,0.54,107.0,23.0,Idle,Normal,,2025-09-03 22:02:41.333654
50.0,3426,20.0,0.53,0.83,0.54,107.0,23.0,Idle,Normal,,2025-09-03 22:02:41.443494
50.0,3426,20.0,0.69,0.52,0.66,107.0,23.0,Idle,Normal,,2025-09-03 22:11:00.546615
50.0,3426,20.0,0.69,0.52,0.66,107.0,23.0,Idle,Normal,,2025-09-03 22:11:00.603354
110.0,3426,20.0,0.68,0.68,0.51,107.0,23.0,Idle,Normal,,2025-09-03 22:11:10.906634
110.0,3426,20.0,0.68,0.68,0.51,107.0,23.0,Idle,Normal,,2025-09-03 22:11:10.987361
110.0,3426,20.0,0.56,0.65,0.28,47.0,43.0,Idle,Normal,,2025-09-03 22:11:30.382607
110.0,3426,20.0,0.56,0.65,0.28,47.0,43.0,Idle,Normal,,2025-09-03 22:11:30.434001
110.0,3426,20.0,0.23,0.9,1.37,47.0,43.0,Cruising,Normal,,2025-09-03 22:11:33.367634
110.0,3426,20.0,0.23,0.9,1.37,47.0,43.0,Cruising,Normal,,2025-09-03 22:11:33.374099
110.0,3426,20.0,0.58,0.95,0.68,47.0,43.0,Heavy Load,Normal,,2025-09-03 22:11:36.032903
110.0,3426,20.0,0.58,0.95,0.68,47.0,43.0,Heavy Load,Normal,,2025-09-03 22:11:36.037260
150.0,3426,20.0,0.85,0.4,0.31,47.0,43.0,Heavy Load,Normal,,2025-09-03 22:11:40.651890
150.0,3426,20.0,0.85,0.4,0.31,47.0,43.0,Heavy Load,Normal,,2025-09-03 22:11:40.658053
60.0,3426,20.0,0.65,0.61,0.65,47.0,43.0,Heavy Load,Normal,,2025-09-03 22:11:45.107267
60.0,3426,20.0,0.65,0.61,0.65,47.0,43.0,Heavy Load,Normal,,2025-09-03 22:11:45.112771
60.0,3426,20.0,0.66,0.78,1.45,187.0,93.0,Heavy Load,Normal,,2025-09-03 22:11:50.615498
60.0,3426,20.0,0.66,0.78,1.45,187.0,93.0,Heavy Load,Normal,,2025-09-03 22:11:50.620605
60.0,3426,20.0,0.34,0.68,1.49,187.0,33.0,Heavy Load,Failure,,2025-09-03 22:11:58.414712
60.0,3426,20.0,0.34,0.68,1.49,187.0,33.0,Heavy Load,Failure,,2025-09-03 22:11:58.466153
60.0,3426,18.0,0.49,0.75,1.33,187.0,33.0,Heavy Load,Normal,,2025-09-03 22:12:02.838108
60.0,3426,18.0,0.49,0.75,1.33,187.0,33.0,Heavy Load,Normal,,2025-09-03 22:12:02.842830
60.0,2226,18.0,0.34,0.27,1.09,187.0,33.0,Heavy Load,Normal,,2025-09-03 22:12:06.253443
60.0,2226,18.0,0.34,0.27,1.09,187.0,33.0,Heavy Load,Normal,,2025-09-03 22:12:06.257752
60.0,2226,18.0,0.96,0.6,1.29,187.0,33.0,Cruising,Normal,,2025-09-03 22:12:10.654624
60.0,2226,18.0,0.96,0.6,1.29,187.0,33.0,Cruising,Normal,,2025-09-03 22:12:10.660266
60.0,2226,18.0,0.83,0.57,0.72,187.0,33.0,Cruising,Normal,,2025-09-03 22:12:13.761736
60.0,2226,18.0,0.83,0.57,0.72,187.0,33.0,Cruising,Normal,,2025-09-03 22:12:13.768
60.0,2226,18.0,0.94,0.63,0.22,187.0,33.0,Idle,Normal,,2025-09-03 22:12:16.794236
60.0,2226,18.0,0.94,0.63,0.22,187.0,33.0,Idle,Normal,,2025-09-03 22:12:16.800712
60.0,2226,18.0,0.96,0.88,1.09,187.0,33.0,Cruising,Normal,,2025-09-03 22:12:19.406156
60.0,2226,18.0,0.96,0.88,1.09,187.0,33.0,Cruising,Normal,,2025-09-03 22:12:19.410087
60.0,2226,18.0,0.87,0.51,0.97,187.0,33.0,Cruising,Normal,,2025-09-03 22:12:20.393376
60.0,2226,18.0,0.87,0.51,0.97,187.0,33.0,Cruising,Normal,,2025-09-03 22:12:20.397610
60.0,2226,18.0,0.96,0.6,1.19,187.0,33.0,Heavy Load,Normal,,2025-09-03 22:12:22.944521
60.0,2226,18.0,0.96,0.6,1.19,187.0,33.0,Heavy Load,Normal,,2025-09-03 22:12:22.951301
60.0,2226,18.0,0.53,0.86,1.47,187.0,33.0,Idle,Normal,,2025-09-03 22:12:28.063089
60.0,2226,18.0,0.53,0.86,1.47,187.0,33.0,Idle,Normal,,2025-09-03 22:12:28.076473
90.0,2500,22.0,0.33,0.68,0.07,120.0,58.0,Idle,1,847.0,2025-09-04 02:03:47.091873
96.0,3000,22.0,0.78,0.28,0.96,123.0,58.0,Idle,3,773.0,2025-09-04 02:05:03.452409
94.96,1508,17.26,0.19,0.29,1.2,319.59,155.24,Heavy Load,1,,2025-09-04 02:05:51.776677
87.19,1885,8.6,0.72,0.38,1.34,331.77,221.1,Cruising,1,,2025-09-04 02:05:53.808309
104.21,1601,16.68,0.31,0.45,0.78,365.18,132.17,Idle,3,,2025-09-04 02:05:55.913421
118.18,3885,18.48,0.5,0.97,0.51,365.27,59.05,Cruising,2,,2025-09-04 02:05:57.954378
88.42,1347,16.71,0.71,0.96,0.32,341.55,274.99,Cruising,1,,2025-09-04 02:05:59.986842
90.0,2500,22.0,0.33,0.68,0.07,123.0,69.0,Heavy Load,1,847.0,2025-09-04 02:06:08.599388
66.0,2000,22.0,0.84,0.15,0.15,123.0,69.0,Heavy Load,1,755.0,2025-09-04 02:06:19.171535
66.0,2000,22.0,0.84,0.15,0.15,121.0,58.0,Heavy Load,0,755.0,2025-09-04 02:06:26.666517
66.0,2000,22.0,0.84,0.15,0.15,121.0,58.0,Idle,0,755.0,2025-09-04 02:06:30.758476
66.0,2000,22.0,0.84,0.15,0.15,121.0,58.0,Heavy Load,0,755.0,2025-09-04 02:06:33.381492
90.0,2500,22.0,0.33,0.68,0.07,120.0,62.0,Idle,1,847.0,2025-09-04 02:06:46.707841
90.0,2500,22.0,0.33,0.68,0.07,120.0,58.0,Idle,1,847.0,2025-09-04 02:13:00.813757
90.0,2500,22.0,0.33,0.68,0.07,120.0,58.0,Idle,1,847.0,2025-09-04 02:13:00.823730
90.0,2500,22.0,0.33,0.68,0.07,120.0,58.0,Idle,1,847.0,2025-09-04 02:13:24.874612
90.0,2500,22.0,0.33,0.68,0.07,120.0,58.0,Idle,1,847.0,2025-09-04 02:13:24.885236
90.0,2500,22.0,0.33,0.68,0.07,120.0,58.0,Idle,1,847.0,2025-09-04 02:14:27.091234
90.0,2500,22.0,0.33,0.68,0.07,120.0,58.0,Idle,1,847.0,2025-09-04 02:14:27.095089
90.0,2500,22.0,0.33,0.68,0.07,120.0,58.0,Idle,1,847.0,2025-09-04 02:14:45.680601
90.0,2500,22.0,0.33,0.68,0.07,120.0,58.0,Idle,1,847.0,2025-09-04 02:14:45.686521
90.0,2500,22.0,0.33,0.68,0.07,120.0,58.0,Idle,1,847.0,2025-09-04 02:22:22.222427
90.0,2500,22.0,0.33,0.68,0.07,120.0,58.0,Idle,1,847.0,2025-09-04 02:23:00.656287
90.0,2500,22.0,0.33,0.68,0.07,120.0,58.0,Idle,1,847.0,2025-09-04 02:30:27.600719
94.42,1618,19.6,0.53,0.58,1.08,141.6,158.42,Cruising,1,,2025-09-04 02:30:32.124948
112.22,1794,12.19,0.23,0.61,1.11,380.14,164.82,Idle,1,,2025-09-04 02:30:34.157985
119.55,3152,16.96,0.84,0.35,0.56,340.42,268.87,Idle,3,,2025-09-04 02:30:36.186181
81.84,2758,17.5,0.32,0.4,1.18,353.41,62.68,Idle,0,,2025-09-04 02:30:38.210982
85.53,1085,5.43,0.62,0.15,0.75,290.25,293.79,Idle,3,,2025-09-04 02:30:40.310073
119.42,2480,16.57,0.83,0.68,0.11,262.39,76.59,Cruising,1,,2025-09-04 02:30:42.378019
96.0,2500,22.0,0.33,0.68,0.07,120.0,58.0,Idle,1,847.0,2025-09-04 02:32:02.191012
96.0,3300,22.0,0.1,0.35,0.37,120.0,58.0,Idle,0,338.0,2025-09-04 02:32:06.615122
96.0,3300,22.0,0.1,0.35,0.37,120.0,58.0,Heavy Load,0,338.0,2025-09-04 02:32:09.844770
96.0,3300,22.0,0.1,0.35,0.37,117.0,58.0,Heavy Load,0,338.0,2025-09-04 02:32:12.936913
96.0,3300,22.0,0.1,0.35,0.37,117.0,58.0,Heavy Load,0,338.0,2025-09-04 02:32:13.993256
113.0,3700,22.0,0.1,0.89,0.83,117.0,58.0,Heavy Load,2,495.0,2025-09-04 02:32:22.003795
113.0,3700,22.0,0.1,0.89,0.83,117.0,58.0,Cruising,2,495.0,2025-09-04 02:32:27.345213
113.0,3700,25.0,0.1,0.89,0.83,117.0,58.0,Cruising,2,495.0,2025-09-04 02:32:31.138478
90.0,2500,22.0,0.33,0.68,0.07,120.0,58.0,Idle,1,847.0,2025-09-04 02:41:30.931072
84.0,1500,22.0,0.18,0.64,0.07,120.0,58.0,Idle,1,776.0,2025-09-04 02:41:37.883715
84.0,1500,22.0,0.18,0.64,0.07,120.0,58.0,Heavy Load,1,776.0,2025-09-04 02:41:41.196875
84.0,1500,22.0,0.18,0.64,0.07,132.0,58.0,Heavy Load,1,776.0,2025-09-04 02:41:46.147049
84.0,1500,16.0,0.18,0.64,0.07,132.0,58.0,Heavy Load,2,776.0,2025-09-04 02:41:50.605181
84.0,800,16.0,0.25,0.24,0.73,132.0,58.0,Heavy Load,0,531.0,2025-09-04 02:41:56.137492
84.0,800,20.5,0.25,0.24,0.73,132.0,58.0,Heavy Load,0,531.0,2025-09-04 02:42:00.886431
93.0,800,20.5,0.25,0.24,0.73,132.0,58.0,Heavy Load,0,531.0,2025-09-04 02:42:05.274153
93.0,800,20.5,0.25,0.24,0.73,132.0,58.0,Cruising,3,531.0,2025-09-04 02:42:08.202953
93.0,800,20.5,0.25,0.24,0.73,132.0,58.0,Idle,3,531.0,2025-09-04 02:42:13.148551
93.0,800,20.5,0.25,0.24,0.73,132.0,58.0,Cruising,3,531.0,2025-09-04 02:42:15.551717
93.0,800,20.5,0.25,0.24,0.73,132.0,58.0,Heavy Load,0,531.0,2025-09-04 02:42:18.197955
93.0,800,20.5,0.25,0.24,0.73,132.0,58.0,Idle,3,531.0,2025-09-04 02:42:24.573431
93.0,800,20.5,0.25,0.24,0.73,132.0,58.0,Cruising,3,531.0,2025-09-04 02:42:27.688420
93.0,1200,20.5,0.25,0.31,0.89,132.0,58.0,Cruising,0,91.0,2025-09-04 02:42:31.108269
95.0,1200,20.5,0.25,0.31,0.89,132.0,58.0,Cruising,0,91.0,2025-09-04 02:42:34.318729
95.0,1200,20.5,0.25,0.31,0.89,132.0,58.0,Cruising,0,91.0,2025-09-04 02:42:37.249180
95.0,1200,20.5,0.25,0.31,0.89,132.0,58.0,Heavy Load,0,91.0,2025-09-04 02:42:39.469600
95.0,1200,20.5,0.16,0.0,0.87,140.0,58.0,Heavy Load,3,35.0,2025-09-04 02:42:43.193849
95.0,1200,20.5,0.16,0.0,0.87,140.0,58.0,Idle,3,35.0,2025-09-04 02:42:47.173363
87.66,2368,5.99,0.24,0.1,1.11,186.25,182.01,Idle,0,,2025-09-04 02:42:52.388587
102.12,2596,6.15,0.54,0.34,0.92,199.77,284.61,Idle,1,,2025-09-04 02:42:54.422470
75.08,3509,11.61,0.88,0.84,0.2,227.7,289.63,Cruising,3,,2025-09-04 02:42:56.461609
75.85,947,9.99,0.18,0.29,0.11,149.93,157.65,Cruising,1,,2025-09-04 02:42:58.488884
109.89,1352,16.59,0.12,0.7,0.14,121.63,114.73,Idle,1,,2025-09-04 02:43:00.516748
90.0,2500,22.0,0.33,0.68,0.07,120.0,58.0,Idle,1,847.0,2025-09-04 02:46:18.759161
90.0,2500,23.0,0.33,0.68,0.07,122.0,62.0,Idle,1,847.0,2025-09-04 02:46:23.254089
90.0,2500,23.0,0.33,0.68,0.07,122.0,62.0,Idle,1,847.0,2025-09-04 02:46:25.531447
90.0,2500,23.0,0.33,0.68,0.07,122.0,62.0,Cruising,1,847.0,2025-09-04 02:46:27.758619
90.0,2500,23.0,0.33,0.68,0.07,122.0,62.0,Heavy Load,1,847.0,2025-09-04 02:46:30.272462
90.0,3000,23.0,0.78,0.28,0.96,122.0,62.0,Heavy Load,3,773.0,2025-09-04 02:46:33.890715
90.0,2500,22.0,0.33,0.68,0.07,120.0,58.0,Idle,1,847,2025-09-04 02:48:01.515279
90.0,2500,22.0,0.33,0.68,0.07,120.0,58.0,Idle,1,847,2025-09-04 03:24:11.136205
25.5,797,10.17,0.23,0.26,0.32,81.04,6.76,Idle,0,,2025-09-04 03:24:16.216007
26.0,771,12.79,0.23,0.19,0.3,77.58,6.26,Idle,0,,2025-09-04 03:24:18.874229
26.5,767,14.37,0.15,0.15,0.37,69.84,5.61,Idle,0,,2025-09-04 03:24:20.902853
27.0,774,13.41,0.25,0.1,0.34,71.5,5.79,Idle,0,,2025-09-04 03:24:22.933817
27.5,840,10.05,0.11,0.23,0.39,83.07,7.31,Idle,0,,2025-09-04 03:24:25.880428
28.0,767,13.88,0.28,0.17,0.21,79.75,6.41,Idle,0,,2025-09-04 03:24:27.915508
28.5,839,12.22,0.14,0.19,0.27,93.48,8.21,Idle,0,,2025-09-04 03:24:29.945455
29.0,836,10.18,0.29,0.22,0.33,78.23,6.85,Idle,0,,2025-09-04 03:24:31.981097
29.5,823,13.86,0.15,0.24,0.26,86.05,7.42,Idle,0,,2025-09-04 03:24:34.012691
30.0,834,12.92,0.27,0.18,0.33,76.11,6.65,Idle,0,,2025-09-04 03:24:36.041194
30.5,850,12.14,0.15,0.26,0.28,79.53,7.08,Idle,0,,2025-09-04 03:24:38.082665
31.0,812,11.29,0.3,0.29,0.37,86.76,7.38,Idle,0,,2025-09-04 03:24:40.178909
31.5,839,11.47,0.19,0.23,0.26,87.41,7.68,Idle,0,,2025-09-04 03:24:42.224486
32.0,830,13.04,0.17,0.16,0.37,81.63,7.09,Idle,0,,2025-09-04 03:24:44.255230
32.5,751,13.63,0.16,0.28,0.23,69.5,5.47,Idle,0,,2025-09-04 03:24:46.285101
33.0,762,13.5,0.28,0.21,0.23,85.01,6.78,Idle,0,,2025-09-04 03:24:48.329295
33.5,802,10.47,0.29,0.14,0.29,77.41,6.5,Idle,0,,2025-09-04 03:24:50.364307
34.0,809,13.29,0.1,0.23,0.26,73.57,6.23,Idle,0,,2025-09-04 03:24:52.397781
90.0,2500,22.0,0.33,0.68,0.07,120.0,58.0,Idle,1,847,2025-09-04 03:37:48.435600
25.5,814,13.82,0.29,0.18,0.32,75.41,6.43,Idle,0,,2025-09-04 03:37:57.477239
26.0,809,11.94,0.3,0.16,0.39,81.43,6.9,Idle,0,,2025-09-04 03:38:05.641503
26.5,792,13.42,0.25,0.28,0.3,71.61,5.94,Idle,0,,2025-09-04 03:38:07.671896
27.0,829,11.69,0.23,0.18,0.35,91.85,7.97,Idle,0,,2025-09-04 03:38:09.704656
27.5,809,11.0,0.12,0.14,0.25,89.0,7.54,Idle,0,,2025-09-04 03:38:11.745789
28.0,818,13.38,0.11,0.21,0.26,87.92,7.53,Idle,0,,2025-09-04 03:38:16.364591
90.0,2500,22.0,0.33,0.68,0.07,120.0,58.0,Idle,1,847,2025-09-04 03:48:39.308431
28.5,791,14.72,0.29,0.16,0.31,79.64,6.6,Idle,0,,2025-09-04 03:48:55.474187
29.0,793,14.8,0.2,0.21,0.37,76.76,6.37,Idle,0,,2025-09-04 03:48:57.798947
29.5,750,14.51,0.28,0.17,0.35,76.12,5.98,Idle,0,,2025-09-04 03:48:59.858201
30.0,762,13.87,0.26,0.25,0.35,81.44,6.5,Idle,0,,2025-09-04 03:49:01.887794
30.5,817,13.01,0.23,0.26,0.29,88.53,7.57,Idle,0,,2025-09-04 03:49:03.920599
31.0,842,10.91,0.26,0.28,0.34,79.42,7.0,Idle,0,,2025-09-04 03:49:05.964256
31.5,825,12.97,0.12,0.12,0.29,80.08,6.92,Idle,0,,2025-09-04 03:49:09.160972
90.0,2500,22.0,0.33,0.68,0.07,120.0,58.0,Idle,1,847,2025-09-04 03:56:49.049946
90.1,2500,22.0,0.33,0.68,0.07,120.0,58.0,Idle,1,847,2025-09-04 03:56:59.976824
90.1,2500,22.0,0.33,0.68,0.07,120.0,58.0,Cruising,1,847,2025-09-04 03:57:04.724808
90.0,2500,22.0,0.33,0.68,0.07,120.0,58.0,Idle,1,847,2025-09-04 04:04:07.839684
90.02,2502,22.02,0.33,0.68,0.07,120.04,58.05,Idle,1,847,2025-09-04 04:04:17.035613
25.5,785,13.31,0.22,0.27,0.26,78.17,6.43,Idle,0,,2025-09-04 04:04:23.907389
26.0,797,11.5,0.18,0.27,0.34,74.67,6.23,Idle,0,,2025-09-04 04:04:26.075232
26.5,783,11.75,0.15,0.28,0.33,72.42,5.94,Idle,0,,2025-09-04 04:04:28.118264
27.0,835,13.83,0.26,0.27,0.24,82.04,7.17,Idle,0,,2025-09-04 04:04:30.163678
27.5,806,12.81,0.2,0.13,0.29,87.1,7.35,Idle,0,,2025-09-04 04:04:32.256635
28.0,768,11.5,0.24,0.25,0.28,75.09,6.04,Idle,0,,2025-09-04 04:04:34.285169
28.5,791,10.72,0.26,0.15,0.33,86.8,7.19,Idle,0,,2025-09-04 04:04:36.313099
29.0,832,13.29,0.1,0.19,0.29,88.44,7.7,Idle,0,,2025-09-04 04:04:38.352935
29.5,777,10.06,0.28,0.1,0.27,82.83,6.74,Idle,0,,2025-09-04 04:04:40.398518
30.0,843,14.74,0.12,0.28,0.23,85.14,7.52,Idle,0,,2025-09-04 04:04:42.433223
30.5,844,12.5,0.18,0.21,0.31,87.94,7.77,Idle,0,,2025-09-04 04:04:44.518559
31.0,763,13.12,0.17,0.27,0.37,73.0,5.83,Idle,0,,2025-09-04 04:04:46.856220
31.5,761,12.7,0.17,0.17,0.3,68.82,5.48,Idle,0,,2025-09-04 04:04:48.898464
32.0,763,12.57,0.1,0.19,0.31,76.09,6.08,Idle,0,,2025-09-04 04:04:50.925406
32.5,782,12.94,0.21,0.21,0.35,84.16,6.89,Idle,0,,2025-09-04 04:04:52.954061
90.0,2500,22.0,0.33,0.68,0.07,120.0,58.0,Idle,1,847,2025-09-04 11:48:33.024164
33.0,783,13.2,0.14,0.2,0.28,87.28,7.16,Idle,0,,2025-09-04 12:13:56.388046
33.5,820,14.19,0.14,0.23,0.34,79.78,6.85,Idle,0,,2025-09-04 12:13:59.479759
34.0,772,13.21,0.29,0.15,0.3,68.73,5.56,Idle,0,,2025-09-04 12:14:01.786892
34.5,795,13.67,0.27,0.19,0.36,72.39,6.03,Idle,0,,2025-09-04 12:14:03.920810
35.0,2700,5.93,0.45,0.57,1.04,262.31,74.16,Heavy Load,2,,2025-09-04 12:14:06.000819
35.5,2734,7.09,0.58,0.43,0.69,267.33,76.53,Heavy Load,2,,2025-09-04 12:14:08.101561
36.0,2701,9.17,0.69,0.4,0.85,263.93,74.65,Heavy Load,2,,2025-09-04 12:14:10.238149
36.5,2894,9.87,0.52,0.75,0.96,280.25,84.93,Heavy Load,2,,2025-09-04 12:14:12.268678
37.0,2915,9.97,0.46,0.48,0.94,288.12,87.94,Heavy Load,1,,2025-09-04 12:14:14.443707
37.5,2989,9.08,0.44,0.54,0.95,292.32,91.49,Heavy Load,2,,2025-09-04 12:14:16.475036
38.0,3086,9.5,0.64,0.5,0.81,311.97,100.81,Heavy Load,1,,2025-09-04 12:14:18.711423
38.5,3098,8.0,0.73,0.77,0.63,313.3,101.63,Heavy Load,3,,2025-09-04 12:14:20.739801
39.0,3281,9.51,0.55,0.76,0.61,334.63,114.97,Heavy Load,3,,2025-09-04 12:14:22.768879
39.5,3244,5.74,0.43,0.56,1.12,319.29,108.46,Heavy Load,1,,2025-09-04 12:14:24.813367
40.0,3182,6.18,0.72,0.76,0.69,310.85,103.57,Heavy Load,3,,2025-09-04 12:14:26.957899
40.5,3283,5.29,0.57,0.5,0.56,327.46,112.57,Heavy Load,3,,2025-09-04 12:14:29.027318
41.0,3259,8.37,0.54,0.72,1.01,317.75,108.43,Heavy Load,1,,2025-09-04 12:14:31.143122
41.5,3329,8.74,0.46,0.44,0.74,323.13,112.64,Heavy Load,1,,2025-09-04 12:14:33.310549
42.0,3326,6.6,0.43,0.78,0.95,341.96,119.1,Heavy Load,1,,2025-09-04 12:14:35.377101
42.5,3201,8.71,0.68,0.42,0.82,310.4,104.04,Heavy Load,3,,2025-09-04 12:14:37.552898
90.0,2500,22.0,0.33,0.68,0.07,120.0,58.0,Idle,1,847,2025-09-04 13:16:29.934177
90.16,2481,21.95,0.33,0.68,0.07,120.0,57.97,Cruising,1,847,2025-09-04 13:17:19.894798
43.0,3071,6.85,0.58,0.73,0.52,298.14,95.87,Heavy Load,1,,2025-09-04 13:17:56.822388
43.5,3135,6.83,0.67,0.46,0.55,306.11,100.49,Heavy Load,3,,2025-09-04 13:17:58.930219
44.0,2998,7.22,0.58,0.53,1.15,297.39,93.36,Heavy Load,1,,2025-09-04 13:18:01.026890
44.5,2878,6.42,0.67,0.48,0.94,278.28,83.86,Heavy Load,2,,2025-09-04 13:18:03.058840
45.0,2759,5.56,0.61,0.65,0.98,276.53,79.89,Heavy Load,2,,2025-09-04 13:18:05.111891
45.5,2796,6.46,0.65,0.47,1.06,283.77,83.08,Heavy Load,2,,2025-09-04 13:18:07.144710
46.0,2692,8.4,0.79,0.52,1.2,264.6,74.59,Heavy Load,2,,2025-09-04 13:18:09.185545
46.5,2669,6.48,0.75,0.5,0.88,260.33,72.76,Heavy Load,2,,2025-09-04 13:18:11.217543
47.0,2615,9.57,0.45,0.74,1.06,251.91,68.98,Heavy Load,2,,2025-09-04 13:18:13.248479
47.5,2791,6.83,0.75,0.72,0.69,288.68,84.37,Heavy Load,2,,2025-09-04 13:18:15.277938
48.0,2642,5.31,0.47,0.77,1.17,263.25,72.83,Heavy Load,0,,2025-09-04 13:18:17.322723
48.5,2718,9.51,0.76,0.61,0.58,263.55,75.01,Heavy Load,2,,2025-09-04 13:18:19.369904
49.0,2786,5.93,0.58,0.45,0.83,278.89,81.36,Heavy Load,2,,2025-09-04 13:18:21.416652
49.5,2839,6.3,0.69,0.5,1.09,276.21,82.11,Heavy Load,2,,2025-09-04 13:18:23.608787
50.0,2979,7.0,0.7,0.48,1.18,289.63,90.35,Heavy Load,2,,2025-09-04 13:18:26.997586
50.5,3064,6.53,0.51,0.64,1.08,308.22,98.89,Heavy Load,1,,2025-09-04 13:18:29.122749
51.0,3063,5.88,0.52,0.61,0.71,305.29,97.92,Heavy Load,1,,2025-09-04 13:18:31.212794
51.5,3271,9.15,0.66,0.67,0.59,322.65,110.51,Heavy Load,3,,2025-09-04 13:18:33.303437
52.0,3173,7.74,0.69,0.54,1.16,325.27,108.07,Heavy Load,1,,2025-09-04 13:18:35.357449
52.5,3368,5.3,0.79,0.44,0.58,329.33,116.14,Heavy Load,3,,2025-09-04 13:18:37.403573
90.0,2500,22.0,0.33,0.68,0.07,120.0,58.0,Idle,1,847,2025-09-04 13:31:31.375462
90.0,2500,22.0,0.33,0.68,0.07,120.0,58.0,Idle,1,847,2025-09-04 13:45:37.488705
25.5,779,12.09,0.23,0.12,0.23,81.62,6.66,Idle,0,,2025-09-04 13:45:58.918103
26.0,844,11.61,0.16,0.28,0.27,82.48,7.29,Idle,0,,2025-09-04 13:46:01.455267
26.5,823,14.3,0.17,0.14,0.22,75.14,6.48,Idle,0,,2025-09-04 13:46:03.523755
27.0,838,12.82,0.16,0.16,0.32,77.61,6.81,Idle,0,,2025-09-04 13:46:05.547907
27.5,761,14.8,0.3,0.18,0.33,84.67,6.75,Idle,0,,2025-09-04 13:46:07.570329
28.0,778,11.01,0.29,0.24,0.23,75.01,6.11,Idle,0,,2025-09-04 13:46:09.593439
28.5,801,13.11,0.29,0.24,0.23,73.12,6.13,Idle,0,,2025-09-04 13:46:11.616158
29.0,771,12.48,0.27,0.15,0.23,72.56,5.86,Idle,0,,2025-09-04 13:46:13.638639
29.5,844,12.34,0.26,0.17,0.35,76.81,6.79,Idle,0,,2025-09-04 13:46:17.497234
30.0,817,13.79,0.21,0.22,0.28,80.48,6.89,Idle,0,,2025-09-04 13:46:19.623274
30.5,795,15.0,0.25,0.14,0.24,81.09,6.75,Idle,0,,2025-09-04 13:46:21.891583
31.0,761,14.49,0.15,0.15,0.32,83.16,6.63,Idle,0,,2025-09-04 13:46:23.919336
31.5,831,11.9,0.13,0.11,0.3,89.19,7.76,Idle,0,,2025-09-04 13:46:25.954262
32.0,752,12.52,0.22,0.11,0.29,68.76,5.41,Idle,0,,2025-09-04 13:46:27.979115
32.5,780,10.4,0.25,0.3,0.32,77.55,6.33,Idle,0,,2025-09-04 13:46:30.016682
33.0,799,12.02,0.13,0.3,0.22,84.43,7.06,Idle,0,,2025-09-04 13:46:32.985663
33.5,764,10.67,0.22,0.18,0.28,76.29,6.1,Idle,0,,2025-09-04 13:46:35.025360
34.0,821,11.83,0.26,0.23,0.21,74.07,6.37,Idle,0,,2025-09-04 13:46:37.097070
34.5,765,11.12,0.29,0.3,0.27,77.7,6.22,Idle,0,,2025-09-04 13:46:39.138539
35.0,1896,19.37,0.36,0.41,0.4,193.63,38.44,Cruising,2,,2025-09-04 13:46:41.186022
35.5,1806,18.15,0.21,0.3,0.47,184.66,34.92,Cruising,2,,2025-09-04 13:46:43.209457
36.0,1831,16.44,0.36,0.29,0.56,189.92,36.41,Cruising,2,,2025-09-04 13:46:45.238864
36.5,1782,18.47,0.46,0.44,0.52,184.44,34.42,Cruising,2,,2025-09-04 13:46:47.381107
37.0,1756,15.17,0.42,0.28,0.48,167.94,30.88,Cruising,0,,2025-09-04 13:46:49.705894
37.5,1853,16.79,0.31,0.43,0.52,181.61,35.24,Cruising,0,,2025-09-04 13:46:51.885937
38.0,1849,15.94,0.4,0.41,0.51,180.87,35.02,Cruising,0,,2025-09-04 13:46:53.909076
38.5,1848,17.42,0.35,0.37,0.43,193.6,37.46,Cruising,2,,2025-09-04 13:46:55.939065
39.0,1870,18.41,0.32,0.36,0.51,180.32,35.31,Cruising,2,,2025-09-04 13:46:57.984365
39.5,1954,16.11,0.27,0.24,0.57,199.3,40.78,Cruising,2,,2025-09-04 13:47:00.012552
40.0,1932,18.63,0.46,0.21,0.44,202.38,40.94,Cruising,2,,2025-09-04 13:47:02.797014
40.5,1996,19.88,0.4,0.44,0.33,199.41,41.68,Cruising,2,,2025-09-04 13:47:05.109564
41.0,2029,19.6,0.24,0.44,0.42,210.63,44.75,Cruising,2,,2025-09-04 13:47:07.154192
41.5,2108,16.62,0.38,0.43,0.45,205.51,45.36,Cruising,2,,2025-09-04 13:47:09.183619
42.0,2148,15.06,0.23,0.25,0.39,216.68,48.74,Cruising,2,,2025-09-04 13:47:11.221523
42.5,2095,16.83,0.3,0.37,0.5,216.42,47.48,Cruising,2,,2025-09-04 13:47:13.727943
43.0,2195,17.81,0.28,0.29,0.43,214.37,49.27,Cruising,2,,2025-09-04 13:47:28.920971
43.5,2166,16.1,0.29,0.35,0.55,225.38,51.12,Cruising,2,,2025-09-04 13:47:30.963740
44.0,2197,18.29,0.28,0.3,0.37,229.43,52.78,Cruising,2,,2025-09-04 13:47:33.016345
44.5,2177,18.34,0.21,0.33,0.59,211.86,48.3,Cruising,2,,2025-09-04 13:47:35.063879
45.0,2214,18.68,0.48,0.41,0.39,222.09,51.49,Cruising,2,,2025-09-04 13:47:37.112121
45.5,2186,17.18,0.23,0.32,0.55,227.15,51.99,Cruising,2,,2025-09-04 13:47:39.136056
46.0,2136,18.46,0.33,0.39,0.48,213.27,47.7,Cruising,2,,2025-09-04 13:47:41.162105
46.5,2136,15.58,0.34,0.48,0.34,212.09,47.44,Cruising,0,,2025-09-04 13:47:43.213021
47.0,2099,16.69,0.29,0.36,0.33,211.67,46.52,Cruising,2,,2025-09-04 13:47:45.375757
47.5,2125,16.56,0.22,0.35,0.56,212.14,47.2,Cruising,2,,2025-09-04 13:47:47.889874
48.0,2076,16.41,0.49,0.35,0.6,212.16,46.12,Cruising,2,,2025-09-04 13:47:50.336394
48.5,2021,16.89,0.29,0.47,0.34,211.77,44.82,Cruising,2,,2025-09-04 13:47:52.429315
90.0,2500,22.0,0.33,0.68,0.07,120.0,58.0,Idle,1,847,2025-09-04 13:47:58.593186
49.0,1961,18.56,0.24,0.26,0.37,186.72,38.34,Cruising,2,,2025-09-04 13:48:07.540725
49.5,1956,17.61,0.24,0.49,0.33,205.07,42.0,Cruising,2,,2025-09-04 13:48:09.576770
50.0,1879,15.87,0.45,0.32,0.49,189.61,37.31,Cruising,2,,2025-09-04 13:48:11.624319
50.5,1816,18.59,0.23,0.21,0.35,181.3,34.48,Cruising,2,,2025-09-04 13:48:13.647058
51.0,1815,18.41,0.26,0.25,0.4,177.88,33.81,Cruising,2,,2025-09-04 13:48:15.784203
51.5,1803,19.45,0.38,0.4,0.43,189.36,35.75,Cruising,2,,2025-09-04 13:48:17.865858
52.0,1758,16.55,0.23,0.39,0.33,169.6,31.22,Cruising,2,,2025-09-04 13:48:19.947927
52.5,1829,15.21,0.48,0.29,0.56,184.43,35.32,Cruising,0,,2025-09-04 13:48:21.995031
53.0,1830,18.45,0.47,0.25,0.52,186.98,35.83,Cruising,2,,2025-09-04 13:48:24.032353
53.5,1845,19.08,0.32,0.37,0.41,190.88,36.88,Cruising,2,,2025-09-04 13:48:26.059463
54.0,1845,18.02,0.47,0.39,0.36,177.25,34.24,Cruising,0,,2025-09-04 13:48:28.094225
54.5,1896,19.76,0.28,0.46,0.38,189.31,37.58,Cruising,2,,2025-09-04 13:48:30.118435
55.0,3133,8.9,0.7,0.48,0.51,320.26,105.07,Heavy Load,3,,2025-09-04 13:48:32.646298
55.5,3132,6.31,0.43,0.7,0.71,314.8,103.24,Heavy Load,1,,2025-09-04 13:50:32.457422
56.0,3019,5.37,0.55,0.42,0.54,299.5,94.68,Heavy Load,1,,2025-09-04 13:50:34.501050
56.5,2966,9.98,0.48,0.61,0.71,298.99,92.86,Heavy Load,1,,2025-09-04 13:50:35.028561
57.0,2913,8.54,0.64,0.69,1.16,292.74,89.29,Heavy Load,2,,2025-09-04 13:50:36.548461
57.5,2794,8.18,0.45,0.61,1.01,285.96,83.66,Heavy Load,2,,2025-09-04 13:50:37.061926
58.0,2695,7.58,0.58,0.51,0.66,265.06,74.8,Heavy Load,2,,2025-09-04 13:50:39.103847
58.5,2713,5.48,0.76,0.59,0.58,266.35,75.67,Heavy Load,2,,2025-09-04 13:50:41.141279
59.0,2791,8.53,0.45,0.65,0.8,270.34,79.01,Heavy Load,2,,2025-09-04 13:50:43.185487
59.5,2670,7.95,0.8,0.58,1.19,263.29,73.61,Heavy Load,2,,2025-09-04 13:50:45.213323
60.0,2649,5.75,0.45,0.69,0.88,262.33,72.77,Heavy Load,2,,2025-09-04 13:50:47.245679
60.5,2793,9.11,0.47,0.78,0.74,275.27,80.51,Heavy Load,2,,2025-09-04 13:50:49.423640
61.0,2690,8.04,0.53,0.74,0.95,267.56,75.37,Heavy Load,1,,2025-09-04 13:50:51.459580
61.5,2870,9.85,0.56,0.76,0.65,285.68,85.85,Heavy Load,2,,2025-09-04 13:50:53.487934
62.0,2972,9.94,0.45,0.65,0.82,292.0,90.87,Heavy Load,2,,2025-09-04 13:50:55.519428
62.5,2877,5.5,0.77,0.5,1.15,280.76,84.58,Heavy Load,2,,2025-09-04 13:50:57.547247
63.0,3038,5.05,0.48,0.6,0.54,305.59,97.21,Heavy Load,1,,2025-09-04 13:50:59.588713
63.5,3071,9.2,0.53,0.71,0.76,300.81,96.73,Heavy Load,1,,2025-09-04 13:51:03.441842
64.0,3161,8.28,0.74,0.69,1.14,315.69,104.49,Heavy Load,1,,2025-09-04 13:51:06.168153
64.5,3240,6.14,0.68,0.5,1.11,316.34,107.32,Heavy Load,1,,2025-09-04 13:51:08.645380
90.0,2500,22.0,0.33,0.68,0.07,120.0,58.0,Idle,1,847,2025-09-04 13:53:08.624672
65.0,1915,18.46,0.38,0.32,0.47,200.24,40.15,Cruising,1,,2025-09-04 13:53:20.875641
65.5,1908,18.1,0.22,0.2,0.58,189.75,37.91,Cruising,2,,2025-09-04 13:53:22.920889
66.0,1920,18.11,0.24,0.43,0.35,191.5,38.5,Cruising,2,,2025-09-04 13:53:25.015834
66.5,1883,17.77,0.25,0.48,0.42,188.14,37.1,Cruising,2,,2025-09-04 13:53:27.470398
67.0,1839,16.14,0.26,0.26,0.39,185.18,35.66,Cruising,3,,2025-09-04 13:53:29.505293
67.5,1826,15.03,0.3,0.31,0.38,178.26,34.08,Cruising,3,,2025-09-04 13:53:31.538790
68.0,1760,16.32,0.47,0.37,0.56,183.87,33.89,Cruising,0,,2025-09-04 13:53:33.598966
68.5,1788,19.64,0.39,0.2,0.42,173.96,32.57,Cruising,3,,2025-09-04 13:53:35.643746
69.0,1846,19.76,0.47,0.21,0.35,194.47,37.59,Cruising,2,,2025-09-04 13:53:37.680075
69.5,1877,19.71,0.27,0.38,0.51,182.39,35.85,Cruising,0,,2025-09-04 13:53:39.799422
70.0,1875,19.54,0.48,0.36,0.59,182.05,35.74,Cruising,0,,2025-09-04 13:53:42.603989
90.0,2500,22.0,0.33,0.68,0.07,120.0,58.0,Idle,1,847,2025-09-04 13:54:04.426224
70.5,1878,17.67,0.49,0.29,0.54,193.82,38.11,Cruising,2,,2025-09-04 13:54:14.484441
71.0,1939,16.57,0.46,0.38,0.35,190.54,38.69,Cruising,0,,2025-09-04 13:54:16.538553
71.5,1987,15.97,0.39,0.44,0.39,191.8,39.91,Cruising,0,,2025-09-04 13:54:18.584332
72.0,2022,17.43,0.31,0.36,0.4,196.16,41.53,Cruising,2,,2025-09-04 13:54:20.611722
72.5,2034,18.03,0.25,0.34,0.58,201.32,42.88,Cruising,2,,2025-09-04 13:54:22.663210
73.0,2035,18.76,0.33,0.48,0.54,211.17,45.0,Cruising,0,,2025-09-04 13:54:24.704047
73.5,2054,15.08,0.39,0.45,0.33,199.24,42.85,Cruising,0,,2025-09-04 13:54:26.742104
74.0,2086,16.25,0.28,0.35,0.48,202.28,44.18,Cruising,0,,2025-09-04 13:54:28.771931
74.5,2174,17.25,0.45,0.25,0.3,217.59,49.53,Cruising,0,,2025-09-04 13:54:30.813931
75.0,2895,5.04,0.7,0.69,0.55,290.6,88.09,Heavy Load,1,,2025-09-04 13:54:32.848675
75.5,3008,8.18,0.6,0.63,1.01,295.45,93.06,Heavy Load,1,,2025-09-04 13:54:34.878198
76.0,3185,6.78,0.65,0.5,0.66,314.74,104.97,Heavy Load,3,,2025-09-04 13:54:36.931171
76.5,3094,9.39,0.77,0.65,0.91,301.42,97.65,Heavy Load,1,,2025-09-04 13:54:38.974473
77.0,3266,8.2,0.69,0.74,0.6,321.29,109.88,Heavy Load,3,,2025-09-04 13:54:41.145795
90.0,2500,22.0,0.33,0.68,0.07,120.0,58.0,Idle,1,847,2025-09-04 14:00:51.988509
77.5,3326,9.04,0.46,0.68,0.79,325.81,113.47,Heavy Load,1,,2025-09-04 14:01:03.012155
78.0,3219,5.23,0.41,0.61,0.8,324.11,109.25,Heavy Load,1,,2025-09-04 14:01:05.203471
78.5,3311,7.2,0.55,0.42,0.53,340.11,117.92,Heavy Load,1,,2025-09-04 14:01:07.314649
79.0,3314,8.78,0.52,0.64,0.77,338.74,117.55,Heavy Load,1,,2025-09-04 14:01:09.340125
79.5,3348,6.99,0.52,0.52,0.64,344.23,120.68,Heavy Load,1,,2025-09-04 14:01:11.362334
80.0,3152,6.25,0.76,0.78,0.87,309.08,102.01,Heavy Load,1,,2025-09-04 14:01:13.388835
80.5,3128,6.83,0.6,0.5,0.61,311.99,102.19,Heavy Load,1,,2025-09-04 14:01:17.193850
81.0,3039,5.61,0.44,0.4,0.59,308.79,98.26,Heavy Load,1,,2025-09-04 14:01:19.233104
81.5,2938,9.06,0.53,0.68,1.14,295.5,90.91,Heavy Load,1,,2025-09-04 14:01:21.277946
82.0,2933,7.82,0.64,0.51,0.88,301.95,92.74,Heavy Load,1,,2025-09-04 14:01:23.313913
82.5,2830,6.16,0.46,0.44,0.98,277.73,82.3,Heavy Load,0,,2025-09-04 14:01:25.337252
83.0,2822,8.3,0.64,0.41,1.15,285.18,84.27,Heavy Load,1,,2025-09-04 14:01:27.363944
83.5,2712,7.71,0.54,0.62,0.52,266.27,75.62,Heavy Load,2,,2025-09-04 14:01:29.396553
84.0,2762,9.5,0.45,0.46,0.55,272.12,78.7,Heavy Load,0,,2025-09-04 14:01:31.998131
84.5,2655,8.57,0.62,0.58,0.89,270.17,75.11,Heavy Load,0,,2025-09-04 14:01:34.057559
85.0,1820,19.96,0.45,0.47,0.44,191.97,36.58,Cruising,2,,2025-09-04 14:01:36.086833
85.5,1867,17.2,0.46,0.49,0.44,193.35,37.8,Cruising,2,,2025-09-04 14:01:38.114883
90.0,2500,22.0,0.33,0.68,0.07,120.0,58.0,Idle,1,847,2025-09-04 14:01:40.112825
86.0,1901,15.84,0.43,0.27,0.45,189.52,37.73,Cruising,0,,2025-09-04 14:04:16.662492
86.5,1906,19.56,0.2,0.26,0.33,196.57,39.23,Cruising,2,,2025-09-04 14:04:18.723202
87.0,1950,16.66,0.2,0.23,0.47,186.73,38.13,Cruising,0,,2025-09-04 14:04:20.748940
87.5,2012,18.44,0.38,0.22,0.56,206.68,43.54,Cruising,2,,2025-09-04 14:04:22.792010
88.0,1988,17.36,0.39,0.46,0.34,207.06,43.1,Cruising,0,,2025-09-04 14:04:24.816176
88.5,2042,15.51,0.31,0.28,0.54,204.69,43.77,Cruising,0,,2025-09-04 14:04:26.843495
89.0,2112,16.62,0.4,0.47,0.51,219.06,48.45,Cruising,0,,2025-09-04 14:04:28.870506
89.5,2157,18.68,0.21,0.2,0.36,223.23,50.42,Cruising,2,,2025-09-04 14:04:31.317426
90.0,2167,16.2,0.31,0.45,0.49,220.54,50.04,Cruising,0,,2025-09-04 14:04:33.636174
89.94,2130,19.73,0.37,0.38,0.56,206.89,46.14,Cruising,0,,2025-09-04 14:04:35.671387
90.44,2160,15.12,0.2,0.48,0.51,211.59,47.86,Cruising,0,,2025-09-04 14:04:37.699984
90.37,2215,16.19,0.4,0.49,0.35,227.36,52.73,Cruising,0,,2025-09-04 14:04:39.741691
90.18,2245,19.52,0.25,0.39,0.31,221.29,52.02,Cruising,0,,2025-09-04 14:04:41.769490
90.12,2166,16.22,0.3,0.33,0.46,207.84,47.14,Cruising,0,,2025-09-04 14:04:43.797866
90.16,2157,18.11,0.36,0.22,0.52,221.19,49.96,Cruising,2,,2025-09-04 14:04:45.880475
90.13,2150,17.85,0.25,0.35,0.5,224.02,50.43,Cruising,0,,2025-09-04 14:04:48.064139
89.97,2127,18.15,0.46,0.39,0.54,218.71,48.71,Cruising,0,,2025-09-04 14:04:50.164244
90.47,2083,15.27,0.36,0.49,0.39,198.4,43.27,Cruising,0,,2025-09-04 14:04:52.204204
90.52,2796,9.63,0.77,0.54,0.96,279.25,81.76,Heavy Load,0,,2025-09-04 14:04:54.236862
90.34,2876,7.43,0.71,0.5,1.16,292.94,88.22,Heavy Load,0,,2025-09-04 14:04:56.260310
90.29,2811,7.46,0.68,0.56,0.71,271.21,79.83,Heavy Load,1,,2025-09-04 14:04:58.300314
90.32,2748,5.69,0.64,0.48,1.01,273.01,78.56,Heavy Load,0,,2025-09-04 14:05:00.379720
90.49,2757,5.8,0.67,0.51,0.59,280.07,80.85,Heavy Load,2,,2025-09-04 14:05:03.068267
90.5,2691,9.81,0.65,0.67,0.87,265.74,74.88,Heavy Load,2,,2025-09-04 14:05:05.711803
90.5,2747,8.94,0.67,0.4,0.59,282.57,81.28,Heavy Load,2,,2025-09-04 14:05:07.754438
90.35,2841,6.32,0.61,0.61,0.8,274.21,81.57,Heavy Load,1,,2025-09-04 14:05:09.779704
90.26,2799,9.61,0.65,0.63,0.54,270.15,79.18,Heavy Load,2,,2025-09-04 14:05:11.818269
90.44,2862,6.69,0.53,0.72,0.87,280.75,84.14,Heavy Load,1,,2025-09-04 14:05:13.838942
90.32,2931,7.8,0.74,0.74,0.8,302.49,92.84,Heavy Load,1,,2025-09-04 14:05:15.907769
90.35,3034,7.73,0.59,0.62,0.8,309.3,98.26,Heavy Load,1,,2025-09-04 14:05:18.034558
90.47,3116,8.93,0.48,0.72,0.6,303.25,98.95,Heavy Load,3,,2025-09-04 14:05:20.778012
90.52,3143,8.35,0.41,0.67,0.5,322.93,106.28,Heavy Load,3,,2025-09-04 14:09:07.011128
90.0,2500,22.0,0.33,0.68,0.07,120.0,58.0,Idle,1,847,2025-09-04 14:10:05.418399
90.34,3234,8.36,0.58,0.61,0.62,320.14,108.41,Heavy Load,1,,2025-09-04 14:10:22.653130
90.39,3178,5.92,0.58,0.53,0.63,316.1,105.19,Heavy Load,1,,2025-09-04 14:10:24.705497
90.42,3197,9.0,0.51,0.8,0.94,312.12,104.49,Heavy Load,1,,2025-09-04 14:10:26.729288
90.56,3331,5.17,0.44,0.44,1.05,331.45,115.61,Heavy Load,1,,2025-09-04 14:10:27.633864
90.55,3373,6.03,0.69,0.53,1.14,343.83,121.44,Heavy Load,1,,2025-09-04 14:10:28.770688
90.62,3261,8.54,0.58,0.72,0.77,324.81,110.91,Heavy Load,1,,2025-09-04 14:10:29.698642
90.48,786,11.9,0.1,0.16,0.39,74.9,6.16,Idle,0,,2025-09-04 14:10:31.723110
90.64,819,10.72,0.13,0.25,0.25,89.07,7.64,Idle,0,,2025-09-04 14:10:33.746284
90.5,771,10.42,0.13,0.1,0.23,81.81,6.6,Idle,0,,2025-09-04 14:10:35.776872
90.38,837,11.13,0.3,0.12,0.25,86.34,7.57,Idle,0,,2025-09-04 14:10:37.812483
90.49,837,10.74,0.24,0.11,0.23,81.33,7.13,Idle,0,,2025-09-04 14:10:40.859687
90.51,828,10.33,0.15,0.28,0.31,82.86,7.18,Idle,0,,2025-09-04 14:10:43.342432
90.38,850,14.07,0.12,0.18,0.22,87.72,7.81,Idle,0,,2025-09-04 14:11:06.775022
90.54,781,13.99,0.16,0.17,0.3,87.77,7.18,Idle,0,,2025-09-04 14:11:08.805984
90.7,767,10.94,0.21,0.3,0.31,74.64,5.99,Idle,0,,2025-09-04 14:11:10.838083
90.55,792,10.73,0.15,0.23,0.25,89.17,7.4,Idle,0,,2025-09-04 14:11:12.900327
90.41,811,10.09,0.12,0.2,0.38,84.25,7.15,Idle,0,,2025-09-04 14:11:14.923695
90.59,772,13.77,0.18,0.24,0.23,82.66,6.68,Idle,0,,2025-09-04 14:11:16.946458
90.71,833,12.18,0.18,0.14,0.28,80.55,7.03,Idle,0,,2025-09-04 14:11:18.973558
90.61,813,13.42,0.19,0.26,0.23,77.88,6.63,Idle,0,,2025-09-04 14:11:20.999888
90.55,828,13.62,0.17,0.16,0.35,78.53,6.81,Idle,0,,2025-09-04 14:11:23.031907
90.52,771,10.11,0.11,0.25,0.34,67.54,5.45,Idle,0,,2025-09-04 14:11:25.128555
90.68,761,12.61,0.28,0.23,0.3,83.52,6.66,Idle,0,,2025-09-04 14:11:28.209439
90.65,820,13.88,0.28,0.16,0.36,83.77,7.19,Idle,0,,2025-09-04 14:11:30.232804
90.57,786,11.0,0.13,0.19,0.25,85.12,7.01,Idle,0,,2025-09-04 14:11:32.259744
90.59,756,10.46,0.16,0.19,0.22,74.41,5.89,Idle,0,,2025-09-04 14:11:34.285713
90.72,3174,5.22,0.56,0.58,0.63,320.32,106.46,Heavy Load,1,,2025-09-04 14:11:36.315856
90.66,3268,5.89,0.65,0.54,1.16,334.06,114.31,Heavy Load,1,,2025-09-04 14:11:38.354831
90.7,3284,8.28,0.8,0.57,0.59,333.49,114.68,Heavy Load,3,,2025-09-04 14:11:41.029293
90.05,2500,22.0,0.33,0.68,0.07,120.0,58.0,Idle,1,847,2025-09-04 14:12:44.406020
90.05,2500,22.0,0.33,0.68,0.07,120.0,58.0,Heavy Load,1,847,2025-09-04 14:12:55.862759
90.0,2500.0,22.0,0.33,0.68,0.07,120.0,58.0,Idle,1,847,2025-09-04 14:33:57.229513
120.0,2300.0,30.0,0.13,0.58,0.62,120.0,58.0,Idle,3,685,2025-09-04 14:45:05.432540
120.0,2300.0,30.0,0.13,0.58,0.62,120.0,58.0,Cruising,3,685,2025-09-04 14:45:16.053715
120.0,2300.0,30.0,0.13,0.58,0.62,120.0,58.0,Heavy Load,3,685,2025-09-04 14:45:22.949348
120.0,2300.0,30.0,0.13,0.58,0.62,120.0,58.0,Cruising,3,685,2025-09-04 14:45:31.478982
120.0,2300.0,30.0,0.21,0.46,0.15,120.0,98.0,Cruising,1,511,2025-09-04 14:45:59.186685
90.0,2500.0,22.0,0.33,0.68,0.07,120.0,58.0,Idle,1,847,2025-09-04 14:50:24.578596
120.0,3700.0,14.0,0.17,0.18,0.34,200.0,28.0,Heavy Load,2,853,2025-09-04 14:50:53.487602
120.0,3700.0,14.0,0.17,0.18,0.34,200.0,28.0,Idle,2,853,2025-09-04 14:51:35.534268
120.0,3700.0,4.0,0.17,0.18,0.34,200.0,28.0,Idle,2,853,2025-09-04 14:51:57.272150
120.0,3700.0,4.0,0.2,0.58,0.24,40.0,28.0,Idle,0,583,2025-09-04 14:52:14.162787
120.0,4000.0,4.0,0.04,0.91,1.0,40.0,28.0,Idle,1,378,2025-09-04 14:52:28.038327
90.65,3313,8.42,0.7,0.5,1.09,332.78,115.45,Heavy Load,1,,2025-09-04 14:53:09.414936
90.62,3261,6.65,0.79,0.69,0.92,318.6,108.79,Heavy Load,3,,2025-09-04 14:53:12.077595
90.69,3222,9.93,0.69,0.47,0.93,327.19,110.39,Heavy Load,1,,2025-09-04 14:54:50.809683
90.69,3243,5.8,0.74,0.41,0.62,320.58,108.86,Heavy Load,1,,2025-09-04 14:54:55.395980
90.77,3131,9.74,0.55,0.59,1.08,309.75,101.55,Heavy Load,1,,2025-09-04 14:54:57.445791
90.61,3030,6.67,0.57,0.65,0.99,294.8,93.53,Heavy Load,1,,2025-09-04 14:54:59.626633
90.72,3039,8.49,0.74,0.75,1.1,299.71,95.37,Heavy Load,1,,2025-09-04 14:55:01.661128
90.75,2896,8.4,0.63,0.59,1.04,299.13,90.71,Heavy Load,1,,2025-09-04 14:55:03.699237
90.72,2842,9.54,0.5,0.59,0.62,275.31,81.93,Heavy Load,1,,2025-09-04 14:55:05.726587
90.68,2699,7.14,0.44,0.43,0.8,272.05,76.89,Heavy Load,0,,2025-09-04 14:55:07.771464
90.59,2781,6.23,0.68,0.5,0.93,269.21,78.4,Heavy Load,0,,2025-09-04 14:55:11.575940
90.6,2663,6.62,0.48,0.57,0.92,257.68,71.85,Heavy Load,0,,2025-09-04 14:55:13.639636
90.0,2500.0,22.0,0.33,0.68,0.07,120.0,58.0,Idle,1,847,2025-09-04 15:01:59.748680
120.0,2500.0,22.0,0.7,0.22,0.02,60.0,58.0,Heavy Load,0,157,2025-09-04 15:02:25.964933
90.77,2625,6.65,0.47,0.69,1.16,263.89,72.54,Heavy Load,0,,2025-09-04 15:03:09.718171
90.86,2749,6.05,0.57,0.59,0.89,267.64,77.04,Heavy Load,0,,2025-09-04 15:03:11.768114
91.05,2668,5.33,0.51,0.78,0.76,273.49,76.41,Heavy Load,0,,2025-09-04 15:03:13.826401
91.16,2768,7.57,0.67,0.8,0.84,268.2,77.74,Heavy Load,1,,2025-09-04 15:03:15.859723
91.25,2821,9.99,0.5,0.45,0.73,275.79,81.47,Heavy Load,0,,2025-09-04 15:03:17.909827
91.31,2165,15.28,0.28,0.34,0.5,219.82,49.83,Cruising,0,,2025-09-04 15:03:19.954841
91.2,2099,16.83,0.29,0.47,0.33,215.11,47.28,Cruising,0,,2025-09-04 15:03:22.011814
91.3,2105,15.37,0.29,0.37,0.45,215.81,47.57,Cruising,0,,2025-09-04 15:03:28.375649
91.23,2010,19.4,0.34,0.38,0.37,209.8,44.16,Cruising,0,,2025-09-04 15:03:30.433738
91.22,1993,19.5,0.49,0.46,0.44,201.52,42.06,Cruising,0,,2025-09-04 15:03:32.533123
91.07,1993,16.63,0.47,0.24,0.43,201.77,42.11,Cruising,2,,2025-09-04 15:03:34.593411
91.11,1909,18.33,0.23,0.33,0.45,194.96,38.97,Cruising,2,,2025-09-04 15:03:36.729218
91.22,1874,18.92,0.33,0.41,0.41,180.03,35.33,Cruising,0,,2025-09-04 15:03:39.103701
91.33,1872,17.45,0.33,0.45,0.53,180.7,35.42,Cruising,0,,2025-09-04 15:03:44.833892
91.16,1874,18.19,0.33,0.42,0.54,193.58,37.99,Cruising,0,,2025-09-04 15:03:46.912722
90.97,1818,18.77,0.4,0.41,0.54,189.91,36.15,Cruising,0,,2025-09-04 15:03:48.981159
91.04,1821,16.58,0.41,0.23,0.48,188.71,35.98,Cruising,0,,2025-09-04 15:03:51.045449
90.97,1776,16.57,0.29,0.26,0.3,172.84,32.14,Cruising,0,,2025-09-04 15:03:54.148670
120.0,4000.0,12.0,0.88,0.34,0.88,200.0,48.0,Cruising,3,370,2025-09-04 15:15:11.006068
70.0,4000.0,12.0,0.88,0.31,0.61,200.0,48.0,Cruising,1,447,2025-09-04 15:15:59.253838
90.91,1789,18.89,0.26,0.24,0.57,179.46,33.62,Cruising,0,,2025-09-04 15:16:43.494900
90.74,1849,18.06,0.37,0.26,0.49,192.12,37.2,Cruising,2,,2025-09-04 15:16:45.572092
90.6,1820,15.44,0.25,0.21,0.5,172.8,32.93,Cruising,0,,2025-09-04 15:16:47.653448
90.43,1862,15.38,0.42,0.38,0.48,194.18,37.86,Cruising,0,,2025-09-04 15:16:49.722746
90.48,1924,17.5,0.44,0.21,0.33,199.85,40.26,Cruising,2,,2025-09-04 15:16:51.779361
90.63,1932,19.68,0.28,0.27,0.48,189.87,38.41,Cruising,2,,2025-09-04 15:16:53.825773
90.63,1914,19.68,0.5,0.3,0.31,193.88,38.86,Cruising,2,,2025-09-04 15:16:57.334929
90.81,769,11.47,0.26,0.26,0.34,80.46,6.48,Idle,0,,2025-09-04 15:17:00.657369
90.88,769,14.07,0.28,0.1,0.37,71.52,5.76,Idle,3,,2025-09-04 15:17:02.697224
90.8,789,14.71,0.22,0.24,0.37,77.86,6.43,Idle,0,,2025-09-04 15:17:58.547537
90.97,789,13.71,0.27,0.22,0.31,88.45,7.31,Idle,0,,2025-09-04 15:18:00.579145
91.1,824,11.07,0.14,0.19,0.22,91.28,7.88,Idle,0,,2025-09-04 15:18:02.600949
90.91,770,13.65,0.14,0.16,0.23,67.49,5.44,Idle,0,,2025-09-04 15:18:04.624521
90.97,777,11.32,0.26,0.29,0.39,77.6,6.31,Idle,3,,2025-09-04 15:18:06.650124
120.0,2500.0,22.0,0.09,0.87,0.8,120.0,58.0,Idle,2,866,2025-09-04 15:22:40.053782
50.0,2500.0,22.0,0.83,0.7,0.49,120.0,58.0,Idle,0,326,2025-09-04 15:23:06.382987
50.0,2600.0,22.0,0.86,0.35,0.21,120.0,58.0,Idle,2,286,2025-09-04 15:23:23.571417
90.92,796,11.59,0.28,0.24,0.36,78.23,6.52,Idle,0,,2025-09-04 15:23:51.729740
91.04,762,10.75,0.1,0.21,0.4,80.71,6.44,Idle,0,,2025-09-04 15:23:53.809164
91.21,771,14.57,0.27,0.12,0.38,76.76,6.2,Idle,3,,2025-09-04 15:23:58.541470
90.0,2500.0,22.0,0.33,0.68,0.07,120.0,58.0,Idle,1,847,2025-09-04 15:45:53.685268
90.0,3700.0,10.0,0.92,0.97,0.84,40.0,58.0,Cruising,0,222,2025-09-04 15:46:18.000404
120.0,3700.0,4.0,0.92,0.97,0.84,40.0,98.0,Cruising,0,222,2025-09-04 15:46:40.125412
120.0,1600.0,6.0,0.83,0.44,0.83,40.0,98.0,Cruising,0,424,2025-09-04 15:46:56.350009
120.0,4000.0,30.0,0.88,0.34,0.88,200.0,98.0,Heavy Load,1,370,2025-09-04 15:47:38.275974
70.0,4000.0,30.0,0.63,0.87,0.02,40.0,98.0,Heavy Load,0,384,2025-09-04 15:47:58.003677
70.0,2700.0,30.0,0.54,0.75,0.37,200.0,98.0,Heavy Load,1,307,2025-09-04 15:48:14.596557
20.0,4000.0,30.0,0.88,0.31,0.61,200.0,98.0,Heavy Load,3,447,2025-09-04 15:48:32.591147
20.0,2300.0,30.0,0.18,0.05,0.05,40.0,28.0,Heavy Load,0,97,2025-09-04 15:49:05.144941
20.0,2300.0,30.0,0.2,0.35,0.38,40.0,98.0,Heavy Load,0,680,2025-09-04 15:49:13.306535
90.0,2500.0,22.0,0.33,0.68,0.07,120.0,50.0,Idle,1,847,2025-09-04 15:50:51.985559
90.0,2500.0,22.0,0.33,0.68,0.07,120.0,100.0,Idle,1,847,2025-09-04 15:51:00.259195
120.0,2500.0,22.0,0.68,0.43,0.74,120.0,100.0,Idle,1,70,2025-09-04 15:51:12.439319
120.0,2900.0,22.0,0.55,0.36,0.59,200.0,20.0,Idle,0,305,2025-09-04 15:52:05.997460
120.0,2000.0,22.0,0.44,1.0,0.21,200.0,20.0,Idle,0,247,2025-09-04 15:52:22.344959
120.0,2000.0,22.0,0.44,1.0,0.21,200.0,20.0,Heavy Load,0,247,2025-09-04 15:52:29.961718
120.0,800.0,22.0,0.95,0.17,0.68,200.0,20.0,Heavy Load,3,369,2025-09-04 15:52:43.980808
120.0,800.0,22.0,0.39,0.18,0.33,40.0,20.0,Heavy Load,0,748,2025-09-04 15:52:57.721032
120.0,800.0,22.0,0.39,0.18,0.33,40.0,60.0,Heavy Load,0,748,2025-09-04 15:53:06.499123
91.34,818,14.6,0.15,0.26,0.27,74.32,6.37,Idle,0,,2025-09-04 16:16:38.088956
91.22,770,12.05,0.25,0.22,0.31,82.49,6.65,Idle,0,,2025-09-04 16:16:40.378270
91.33,823,11.99,0.16,0.2,0.27,77.8,6.7,Idle,0,,2025-09-04 16:16:42.484699
91.45,766,12.49,0.3,0.17,0.26,74.97,6.01,Idle,0,,2025-09-04 16:16:44.577591
91.27,840,10.26,0.25,0.25,0.37,79.59,7.0,Idle,3,,2025-09-04 16:16:46.692830
90.0,2500.0,22.0,0.33,0.68,0.07,120.0,50.0,Idle,1,847,2025-09-04 16:23:44.659215
120.0,2500.0,22.0,0.09,0.87,0.8,120.0,50.0,Idle,2,866,2025-09-04 16:24:18.524094
120.0,2500.0,22.0,0.09,0.87,0.8,120.0,50.0,Idle,2,866,2025-09-04 16:25:09.154736
91.45,844,13.27,0.29,0.11,0.35,76.35,6.75,Idle,3,,2025-09-04 16:25:24.198457
90.0,2500.0,22.0,0.33,0.68,0.07,120.0,50.0,Idle,1,847,2025-09-04 16:26:32.679476
120.0,2500.0,22.0,0.09,0.87,0.8,120.0,50.0,Idle,2,866,2025-09-04 16:27:05.452660
91.39,804,10.91,0.27,0.18,0.32,85.15,7.17,Idle,0,,2025-09-04 16:27:24.540146
91.5,766,10.29,0.15,0.25,0.29,84.59,6.78,Idle,0,,2025-09-04 16:27:26.598945
91.54,768,10.4,0.17,0.24,0.33,71.49,5.75,Idle,0,,2025-09-04 16:27:28.662217
91.48,768,10.26,0.2,0.29,0.23,79.61,6.4,Idle,0,,2025-09-04 16:27:29.862583
91.66,1845,17.84,0.35,0.24,0.45,177.96,34.38,Cruising,0,,2025-09-04 16:27:30.694137
91.54,1791,16.1,0.48,0.43,0.59,178.17,33.41,Cruising,0,,2025-09-04 16:27:33.323559
91.7,1806,17.23,0.27,0.24,0.5,172.83,32.68,Cruising,0,,2025-09-04 16:27:36.850006
91.86,1755,19.01,0.3,0.41,0.44,170.98,31.42,Cruising,0,,2025-09-04 16:27:38.929175
91.91,1833,19.17,0.39,0.27,0.45,188.23,36.13,Cruising,2,,2025-09-04 16:27:40.962563
92.09,1855,16.05,0.3,0.42,0.42,183.75,35.69,Cruising,0,,2025-09-04 16:27:43.004664
91.91,1806,18.33,0.24,0.49,0.34,182.94,34.6,Cruising,0,,2025-09-04 16:27:45.048670
91.75,1844,17.9,0.25,0.31,0.53,183.12,35.36,Cruising,0,,2025-09-04 16:27:52.606339
91.77,1885,15.54,0.44,0.23,0.32,197.94,39.07,Cruising,2,,2025-09-04 16:27:54.647807
